Regex_Set,Precision,Recall,F1-score,Support
Set_1,0.7737226277372263,0.7737226277372263,0.7737226277372263,
Set_2,0.975,0.5693430656934306,0.7188940092165899,
